ID,Card_Type_Code,Card_Type_Full_Name,Issuing_Bank,Card_Number,Card_Holder_s_Name,Issue_Date,Expiry_Date,Billing_Date,Card_PIN,Credit_Limit,Age,SSN,JobTitle,Additional_Details
45444,JC,Japan Credit Bureau,JCB,3566536128910075,Wendolyn X Brawn,01/2007,01/2008,13,4989,144600,32,169-11-9431,Product Manager,DE30 8693 7444 3116 1042 38 grentcomez2b@theatlantic.com 210-846-6144 eepurl.com Boyer:1861000560245728
15295,JC,Japan Credit Bureau,JCB,3562572975308927,Oscar P Schmidt,01/2007,01/2008,18,8612,178400,37,450-64-7526,CIO,GB87 DQVR 6526 8984 4434 50 ldacthbsu@newsvine.com 617-602-2076 pbs.org Lynch:0406062044960745
30994,JC,Japan Credit Bureau,JCB,3559072611200534,Lesa V Jeppesen,01/2007,01/2008,18,9203,30500,26,765-21-2969,Software Engineer,BE09 2712 2810 4265 kscarthnwx@de.vu 291-451-1909 tripod.com Wisoky:5260337294991783
33553,JC,Japan Credit Bureau,JCB,3541594506295262,Thelma M Hogan,01/2007,01/2008,12,5569,74600,51,240-31-6358,Vice President,TR47 2721 47OP 0PLP 20XW DHEX H8 scaddanpw0@icq.com 310-349-7044 dagondesign.com Fadel:7302870890677512
86979,JC,Japan Credit Bureau,JCB,3533234927578604,Vincent E Riddle,01/2007,01/2008,18,6973,75500,53,626-31-1742,Vice President,GE45 VP77 0313 7859 1258 24 bbohan1v42@senate.gov 774-697-3882 rambler.ru Kling:0877595370385079
29952,JC,Japan Credit Bureau,JCB,3580180317468330,Ramona G Howle,01/2007,01/2008,1,9750,138700,32,750-68-3442,CEO,EE41 6248 3552 4992 2571 rmcdonoughn3z@chicagotribune.com 216-658-5173 diigo.com Kunde:9730807156149365
7595,JC,Japan Credit Bureau,JCB,3578295494114491,Jesse K Hopper,01/2007,01/2008,16,428,170000,39,386-72-9084,Product Manager,FI72 8947 8225 2910 68 civanishin5uy@deliciousdays.com 403-744-3689 dyndns.org Hagenes:9113004129494033
24205,AX,American Express,USAA,375084231336497,Douglas M Whitfield,01/2007,01/2009,4,5238,80200,26,484-74-2659,Vice President,FO96 3814 9079 3792 85 bseedioc@google.co.jp 517-932-5407 ehow.com Bergstrom:0087274363255926
44833,VI,Visa,USAA,4619331756441956,Gordon Delacruz,01/2007,01/2008,10,3810,163400,46,505-60-3577,Software Engineer,MT71 BFVT 9063 3UHX BX6Y 1BAD NB5A SH7 usinkinsonylc@youtu.be 275-659-6025 amazon.co.jp Weissnat:4960221376974897
34121,VI,Visa,Chase,4939756982007721,Yvonne M Crane,01/2007,01/2008,19,7936,70000,38,424-04-0651,CIO,PS05 NPTA ZT2D UJ47 YREC SEXI XCFV E vcorraoqbs@tiny.cc 556-570-2228 acquirethisname.com Kertzmann:7169698339899144
16824,VI,Visa,Chase,4731957374246840,Antoine B Lablanc,01/2007,01/2008,28,5768,120700,58,360-73-3429,CEO,VG69 TPES 2353 2611 3910 2782 malejandroczb@liveinternet.ru 994-563-9064 reverbnation.com Hyatt:8939793869543697
97748,VI,Visa,Chase,4693071321363934,Donnie R Gurney,01/2007,01/2008,15,4626,66000,32,888-40-8628,CIO,BG78 AFZA 6671 37YG 0GRI 0H fgoodison23f7@live.com 997-733-1082 wiley.com Swaniawski:1937686855697872
71853,VI,Visa,Barclays,4168887372459214,Nathan V Larson,01/2007,01/2008,8,301,34300,35,226-45-6712,Product Manager,PT52 7444 8819 2086 8296 0079 3 mchatterton1jfw@google.com.hk 845-234-5517 nydailynews.com O'Hara:3913851682309488
41647,VI,Visa,Barclays,4869346759937252,Jimmy X Young,01/2007,01/2008,1,7410,11700,35,870-78-5758,Product Manager,FR67 6655 9779 04DR FYMZ WPBA J76 rhammondw4u@sitemeter.com 172-623-3113 last.fm Lang:4465663568492737
11117,VI,Visa,Citibank,4603256265858093,Tommy O Curry,01/2007,01/2008,23,1594,89300,49,231-41-9217,CIO,FR28 5627 1892 16NI OYRB AKWN I97 rextance8ks@huffingtonpost.com 116-933-9935 nifty.com Schmitt:7273156188921902
76470,DS,Discover,Discover,6011844437507176,Sanda Bellino,01/2007,01/2008,24,1405,108400,55,101-87-7567,Product Manager,AD25 5147 5056 THQZ NHO1 JXC9 nolorenshaw1n05@linkedin.com 762-876-6911 addthis.com Runte:6783142545829878
64392,DS,Discover,Discover,6011705051927935,Karlyn L Kershaw,01/2007,01/2008,25,5242,50200,22,227-11-7611,Product Manager,FR15 9892 0085 31NR ZU66 7X0I P66 borbon1don@indiatimes.com 433-351-0696 tamu.edu Brekke:4049690332430596
86627,DS,Discover,Discover,6011478330846611,Emily G Goodman,01/2007,01/2008,20,6555,105900,26,591-80-0924,Vice President,LB28 4195 M7BB Q0AH 2ZJ8 MTVX WTKM akures1uua@desdev.cn 956-579-6603 ebay.co.uk Schuster:9128429371156472
10547,DS,Discover,Discover,6011980430190568,Vincent Coleman,01/2007,01/2008,9,8608,19400,22,697-72-4744,CIO,FR43 3051 7946 57IT WSZA F0AI O74 cbianco84y@blogs.com 657-964-7285 home.pl Heller:3206218113444012
18240,DS,Discover,Discover,6011195101526574,Sandy Lovelace,01/2007,01/2008,12,7584,10900,26,400-20-3837,Vice President,PT69 8769 5935 7022 4504 2707 6 sdefonte2n@ycombinator.com 512-865-0982 sphinn.com Greenholt:2059844138909963
68855,DS,Discover,Discover,6011600379040463,Joyce Crane,01/2007,01/2008,20,8677,167400,25,374-51-4920,CIO,GL65 7032 6150 8986 67 ldeam1h4m@sogou.com 817-402-5695 mapy.cz Hoeger:5018166692058765
42583,DC,Diners Club International,Diners Club,30353180395060,Ashley Sellers,01/2007,01/2008,15,2533,65000,49,232-57-8695,Vice President,FR13 5110 2302 93J9 F0TW 3Z9J B19 jbalasinwuu@cnn.com 597-781-7185 weather.com Boyle:8203778919133587
36806,DC,Diners Club International,Diners Club,36736905393986,Fallon D Sease,01/2007,01/2008,24,1084,17800,59,159-67-9250,CIO,SA18 939P FJLR QAWM JEGX HPA7 fslemmingsed@edublogs.org 921-612-1753 gizmodo.com Cormier:6628203789120779
80644,DC,Diners Club International,Diners Club,36675707673221,Delpha M Bartram,01/2007,01/2008,14,9035,83000,25,206-10-3929,Vice President,TN91 8973 4364 9732 6040 4571 kbispo1q83@noaa.gov 343-729-1398 msu.edu Durgan:3270245277449438
32225,DC,Diners Club International,Diners Club,38149348737926,Alex Mccarthy,01/2007,01/2008,14,6828,111100,20,284-46-1615,CIO,GE10 GW72 3776 8950 0833 85 gcrownov4@mac.com 111-803-9382 chicagotribune.com Kertzmann:4913627836018695
79467,DC,Diners Club International,Diners Club,30163373404664,Michelle P Robles,01/2007,01/2008,20,7324,89700,56,294-55-1883,CIO,FR81 7549 2978 68JK ZJ7B ZLYT T24 cstewart1pbe@hibu.com 405-134-4895 google.ru Turcotte:3297068660607807
39453,DC,Diners Club International,Diners Club,30454144202739,Thelma U Henderson,01/2007,01/2008,27,388,141300,19,668-67-1456,CEO,EE52 6864 9496 9930 1768 mblaydesufw@wikia.com 549-921-6114 goo.ne.jp Romaguera:7804579562776912
49946,DC,Diners Club International,Diners Club,30416809570395,Elbert D Santistevan,01/2007,01/2008,7,8854,183300,50,166-72-9016,Software Engineer,AZ47 UGLX FJIR NHLK TJ64 XFLC PVNM mskeats12jd@wsj.com 344-593-4507 unesco.org Davis:8712559690979587
23420,DC,Diners Club International,Diners Club,30066696413017,Walker J Kellison,01/2007,01/2008,14,316,79100,26,198-71-7101,CEO,RS10 1165 7289 6496 4191 24 hhanesi2j@tmall.com 358-935-6050 microsoft.com Reynolds:8963906084314724
82991,DC,Diners Club International,Diners Club,30178262729815,Gordon N Lowe,01/2007,01/2008,1,8943,161000,44,729-72-6477,Vice President,FR77 6426 6747 13CA XKMN HJVL P11 cshuard1s1a@printfriendly.com 530-153-9208 oakley.com Medhurst:2260693927934458
92731,DC,Diners Club International,Diners Club,30199527219640,Cheryl D Hyde,01/2007,01/2008,17,4080,76100,21,481-58-9115,Vice President,BG55 OAMX 2801 03L0 7S3E DA gtrubshaw1zju@e-recht24.de 325-416-4059 cisco.com Legros:5615692725841723
50310,AX,American Express,U.S. Bancorp,375616952046258,Paulette F Menefee,01/2008,01/2009,6,2623,103000,24,207-72-8687,CEO,CH49 7136 445M PUM4 WRLV Q tragate12th@prlog.org 636-806-4532 buzzfeed.com Rowe:3257919821930279
58938,AX,American Express,U.S. Bancorp,376233617359370,Milo Melnick,01/2007,01/2009,25,6681,123300,23,360-08-7490,CEO,DE30 8195 5935 0745 7440 84 ahackney19h5@usda.gov 987-396-7727 cnet.com Lubowitz:5694568497988731
27039,AX,American Express,U.S. Bancorp,373718472507520,Jill I Norris,01/2008,01/2009,12,1212,30400,52,818-58-6537,Vice President,IE91 EYTV 3934 1374 5490 69 risardkv2@dmoz.org 105-891-7894 ted.com McKenzie:7717607199799701
87867,AX,American Express,U.S. Bancorp,372966833993340,April Q Carroll,01/2007,01/2008,19,7945,178400,21,370-44-2425,Vice President,PT32 4635 9414 2308 6513 7738 9 twhitewood1vsq@amazonaws.com 148-343-5245 booking.com McClure:7327174176014210
76944,AX,American Express,Bank of America,370942869936992,Rex V Hooley,01/2007,01/2008,18,3767,40200,50,504-41-7781,CEO,FR02 2713 9818 12LF HJWO GUDN 153 mstrover1ndb@smh.com.au 453-272-8483 springer.com Romaguera:0503032088734108
17777,AX,American Express,Bank of America,345042270288778,Jimmy E Arnold,01/2007,01/2009,10,1952,131000,29,738-35-2493,Vice President,PS37 TPOJ 6CMN 8LNP QIN5 T26O I2VA 9 oblakemoredps@simplemachines.org 182-134-4660 psu.edu Macejkovic:7294680970236583
43133,AX,American Express,Bank of America,349927117154454,Jon L May,01/2008,01/2009,10,6828,196700,42,407-35-2406,CIO,FI05 4915 2919 6694 79 cspringxa4@nature.com 308-752-4972 ucoz.com Hegmann:2480775073278624
54904,AX,American Express,Bank of America,379349665070805,Therese I Galante,01/2008,01/2009,22,2871,101700,45,124-12-4051,CIO,CR55 6273 1218 7338 7066 2 gblesing16d3@trellian.com 374-994-5127 prnewswire.com Sawayn:6414441209727248
1852,AX,American Express,Bank of America,345875943320746,Rashad Bergman,01/2008,01/2009,15,9676,43900,41,683-46-9003,CEO,DK35 7701 6702 8467 27 morht1ff@digg.com 362-354-1467 dmoz.org Tillman:3844047540484630
73728,MC,Master Card,Bank of America,5459042375318554,Terese Pitzer,01/2007,01/2008,2,2237,76600,21,651-26-7417,CIO,CZ18 5071 0146 5607 5378 3849 bagastina1kvz@aol.com 386-634-5244 aol.com Rippin:1066749755272800
96405,MC,Master Card,Bank of America,5281507943890502,Derrick A Hebert,01/2007,01/2008,15,4268,172500,33,832-38-6896,CIO,FR74 4306 0682 81O4 PBGR SRKN S55 cdemitris22dw@aboutads.info 402-240-3792 vk.com Fritsch:4220351273623544
15474,AX,American Express,American Express,378178622795258,Johnathan T Pennypacker,01/2007,01/2008,1,3247,147300,55,348-89-1412,Software Engineer,FR52 4492 0119 206M WYLK UTUR 922 jyurchishinbxt@wp.com 362-937-8971 usgs.gov Hermiston:5060085546258802
15858,AX,American Express,American Express,340428802835332,Graig Goodspeed,01/2007,01/2008,3,3572,46900,34,241-12-2091,CIO,FR19 2533 3527 68VY QRT7 NPEY D22 nlawlyc8h@sourceforge.net 891-634-3411 t.co Bashirian:2745596774839842
55653,AX,American Express,American Express,343258007597602,Jimmy M Eaton,01/2008,01/2009,22,9406,127100,32,316-17-4053,Software Engineer,SM45 B614 2620 6011 952H 2XFR YAE ifitkin16xw@wikispaces.com 994-739-7028 printfriendly.com Grant:2270092450957755
9661,AX,American Express,American Express,341099742934458,Nathan Z Mcmillan,01/2008,01/2009,3,7122,15600,19,350-03-8250,CEO,FR17 7498 6036 0462 ELSZ I77Z C48 crouby7gc@w3.org 505-110-8358 google.fr Boyer:1128290644579578
65784,AX,American Express,American Express,341451562533714,Tonette Pinney,01/2007,01/2008,28,1439,18700,22,506-77-7459,CIO,GT02 AWAK YS9B WFLS FUZZ W6E4 ESLE dannear1erb@howstuffworks.com 461-947-3899 vistaprint.com Bednar:7617084189427589
31555,AX,American Express,American Express,376146854674485,Dan B Le,01/2008,01/2009,24,5268,165100,22,296-47-9979,CIO,FR79 2069 1971 70K9 GWIF 8CSE L63 eshawdforthoci@de.vu 787-750-1789 sun.com Streich:6486909304605003
57867,AX,American Express,American Express,379981283852568,Peggy Ryan,01/2007,01/2009,14,6417,38400,23,596-76-8539,Product Manager,GI06 NIGW SY6T APYQ OVEI AIA rhowgill18ne@cpanel.net 135-325-0258 gizmodo.com Weimann:1812859198713967
21877,AX,American Express,American Express,342079220455662,Terry M Graves,01/2007,01/2009,13,4446,104700,51,868-85-6495,CIO,CR86 4568 3928 3768 9300 9 rjeegvo@google.com.br 490-846-0575 unicef.org Beer:4712506253957023